{"train_acc_all": [0.5726500153541565, 0.6311500072479248, 0.6815999746322632, 0.7027999758720398, 0.7336999773979187, 0.756600022315979, 0.7707499861717224, 0.7836499810218811, 0.7961999773979187, 0.8198500275611877], 
"val_acc_all": [0.5373666882514954, 0.5821333527565002, 0.6160666942596436, 0.6200000047683716, 0.6309333443641663, 0.6350666880607605, 0.6375333070755005, 0.6345999836921692, 0.6356333494186401, 0.6395999789237976], 
"train_acc_nothing": [0.5495499968528748, 0.6449499726295471, 0.6953999996185303, 0.7425500154495239, 0.7692999839782715, 0.7980999946594238, 0.8219000101089478, 0.8748000264167786, 0.9052000045776367, 0.9221000075340271], 
"val_acc_nothing": [0.5264333486557007, 0.5949000120162964, 0.614466667175293, 0.6244000196456909, 0.6161333322525024, 0.6148333549499512, 0.6130666732788086, 0.6237333416938782, 0.6304000020027161, 0.6339333057403564], 
"train_acc_only_batch": [0.6593999862670898, 0.7388499975204468, 0.7911999821662903, 0.8273500204086304, 0.8456500172615051, 0.8744999766349792, 0.9484999775886536, 0.9695500135421753, 0.980400025844574, 0.9855999946594238], 
"val_acc_only_batch": [0.6079999804496765, 0.6431999802589417, 0.6481999754905701, 0.6452333331108093, 0.6327333450317383, 0.6381333470344543, 0.6668999791145325, 0.6629666686058044, 0.6650000214576721, 0.6654333472251892], 
"train_acc_only_dropout": [0.47075000405311584, 0.5432000160217285, 0.5847499966621399, 0.6146500110626221, 0.6360499858856201, 0.6685500144958496, 0.6772500276565552, 0.6929500102996826, 0.7030500173568726, 0.7347000241279602], 
"val_acc_only_dropout": [0.45606666803359985, 0.5221999883651733, 0.5516666769981384, 0.5648666620254517, 0.5811333060264587, 0.5926666855812073, 0.5892000198364258, 0.5954999923706055, 0.5946666598320007, 0.6131666898727417]}